<?xml version="1.0" encoding="UTF-8"?>

<beans xmlns="http://www.springframework.org/schema/beans" xmlns:xsi="http://www.w3.org/2001/XMLSchema-instance"
	xmlns:mvc="http://www.springframework.org/schema/mvc" xmlns:context="http://www.springframework.org/schema/context"
	xsi:schemaLocation="http://www.springframework.org/schema/mvc http://www.springframework.org/schema/mvc/spring-mvc.xsd
		http://www.springframework.org/schema/beans http://www.springframework.org/schema/beans/spring-beans.xsd
		http://www.springframework.org/schema/context http://www.springframework.org/schema/context/spring-context.xsd">

   <context:component-scan base-package="nakao.controller"/>

    <mvc:annotation-driven />

	<bean class="org.springframework.web.servlet.view.InternalResourceViewResolver">
	        <!-- Example: a logical view name of 'showMessage' is mapped to '/WEB-INF/jsp/showMessage.jsp' -->
	        <property name="prefix" value="/WEB-INF/view/"/>
	        <property name="suffix" value=".jsp"/>
	</bean>
	
	<bean id="tilesViewResolver" class="org.springframework.web.servlet.view.UrlBasedViewResolver" >
  		<!-- 今回追加したViewResolver -->
    		<property name="viewClass" value="org.springframework.web.servlet.view.tiles3.TilesView" />
    		<property name="order" value="0" />
    		<!-- 以下のviewResolverよりも優先度を高くしておく -->
	</bean>
	<bean id="tilesConfigurer" class="org.springframework.web.servlet.view.tiles3.TilesConfigurer" >
    	<property name="definitions">
      	<list>
          <value>/WEB-INF/tiles/definition.xml</value>
          <!-- Tilesの定義ファイルの指定 -->
      	</list>
    	</property>
	</bean>
	
	<bean id="dataSource"
	    class="org.springframework.jdbc.datasource.DriverManagerDataSource" >
	    <property name="driverClassName" value="${jdbc.driverClassName}" />
	    <property name="url" value="${jdbc.url}" />
	    <property name="username" value="${jdbc.username}" />
	    <property name="password" value="${jdbc.password}" />
	</bean>

	<context:property-placeholder location="classpath:jdbc.properties"/>

	<!-- Dao -->
	<bean id="zaikoUsersDao" class="nakao.dao.ZaikoUsersDaoImpl">
	    <property name="dataSource" ref="dataSource" />
	</bean>

	<!-- Controller -->
	<bean id="m01Controller"
	      class="nakao.controller.M01Controller">
	      <property name="zaikoUsersDao" ref="zaikoUsersDao"/>
	</bean>
	
	<!-- Dao -->
	<bean id="zaikoSyokaiDao" class="nakao.dao.ZaikoSyokaiDaoImpl">
	    <property name="dataSource" ref="dataSource" />
	</bean>

	<!-- Controller -->
	<bean id="m02Controller"
	      class="nakao.controller.M02Controller">
	      <property name="zaikoSyokaiDao" ref="zaikoSyokaiDao"/>
	</bean>
	
	<!-- Dao -->
	<bean id="zaikoZyutyuDao" class="nakao.dao.ZaikoZyutyuDaoImpl">
	    <property name="dataSource" ref="dataSource" />
	</bean>

	<!-- Controller -->
	<bean id="m03Controller"
	      class="nakao.controller.M03Controller">
	      <property name="zaikoZyutyuDao" ref="zaikoZyutyuDao"/>
	</bean>
	
	<!-- Dao -->
	<bean id="zaikoTsuikaDao" class="nakao.dao.ZaikoTsuikaDaoImpl">
	    <property name="dataSource" ref="dataSource" />
	</bean>

	<!-- Controller -->
	<bean id="m04Controller"
	      class="nakao.controller.M04Controller">
	      <property name="zaikoTsuikaDao" ref="zaikoTsuikaDao"/>
	</bean>
	
	<!-- Dao -->
	<bean id="zaikoKoushinDao" class="nakao.dao.ZaikoKoushinDaoImpl">
	    <property name="dataSource" ref="dataSource" />
	</bean>

	<!-- Controller -->
	<bean id="m05Controller"
	      class="nakao.controller.M05Controller">
	      <property name="zaikoKoushinDao" ref="zaikoKoushinDao"/>
	</bean>
	
	<!-- Dao -->
	<bean id="zaikoSakuzyoDao" class="nakao.dao.ZaikoSakuzyoDaoImpl">
	    <property name="dataSource" ref="dataSource" />
	</bean>

	<!-- Controller -->
	<bean id="m06Controller"
	      class="nakao.controller.M06Controller">
	      <property name="zaikoSakuzyoDao" ref="zaikoSakuzyoDao"/>
	</bean>
	
</beans>
