<?xml version="1.0" encoding="UTF-8"?>
<!DOCTYPE tiles-definitions PUBLIC
       "-//Apache Software Foundation//DTD Tiles Configuration 3.0//EN"
       "http://tiles.apache.org/dtds/tiles-config_3_0.dtd">

<tiles-definitions>
    <definition name="baseLayout" template="/WEB-INF/view/layout.jsp">
        <put-attribute name="menu" value="/WEB-INF/view/menu.jsp" />
        <put-attribute name="header" value="/WEB-INF/view/header.jsp" />
    </definition>

    <definition name="Q07/main1" extends="baseLayout">
        <put-attribute name="main" value="/WEB-INF/view/Q07/main1.jsp" />
    </definition>

    <definition name="Q07/main2" extends="baseLayout">
        <put-attribute name="main" value="/WEB-INF/view/Q07/main2.jsp" />
    </definition>

</tiles-definitions>